{
  "by_rule": {
    "R1": {
      "S0_acc": 0.5277777777777778
    },
    "R2": {
      "S0_acc": 0.3888888888888889
    },
    "R3": {
      "S0_acc": 0.6944444444444444
    }
  },
  "derived": {
    "RobustSlope": {},
    "Stability": {},
    "BaselineAcc": {
      "R1": 0.5277777777777778,
      "R2": 0.3888888888888889,
      "R3": 0.6944444444444444
    }
  }
}